{
  "n_samples": 120,
  "n_splits": 3,
  "mean_auc": 0.5234898638942757,
  "std_auc": 0.05469479453765529,
  "min_auc": 0.46651785714285715,
  "max_auc": 0.5972850678733032,
  "folds": [
    {
      "fold": 0,
      "train_size": 30,
      "val_size": 30,
      "auc": 0.5066666666666667,
      "precision_50": 0.5,
      "recall_50": 0.8666666666666667
    },
    {
      "fold": 1,
      "train_size": 60,
      "val_size": 30,
      "auc": 0.5972850678733032,
      "precision_50": 0.48,
      "recall_50": 0.9230769230769231
    },
    {
      "fold": 2,
      "train_size": 90,
      "val_size": 30,
      "auc": 0.46651785714285715,
      "precision_50": 0.5,
      "recall_50": 0.25
    }
  ],
  "status": "completed"
}