{
  "n_samples": 120,
  "n_splits": 3,
  "mean_auc": 0.5344047918312625,
  "std_auc": 0.10504386539429397,
  "min_auc": 0.3883928571428572,
  "max_auc": 0.6311111111111112,
  "folds": [
    {
      "fold": 0,
      "train_size": 30,
      "val_size": 30,
      "auc": 0.6311111111111112,
      "precision_50": 0.5,
      "recall_50": 0.4666666666666667
    },
    {
      "fold": 1,
      "train_size": 60,
      "val_size": 30,
      "auc": 0.583710407239819,
      "precision_50": 0.42857142857142855,
      "recall_50": 0.46153846153846156
    },
    {
      "fold": 2,
      "train_size": 90,
      "val_size": 30,
      "auc": 0.3883928571428572,
      "precision_50": 0.5333333333333333,
      "recall_50": 0.5
    }
  ],
  "status": "completed"
}